Country,Dystopia Residual,Economy (GDP per Capita),Family,Freedom,Generosity,Happiness Rank,Happiness Score,Health (Life Expectancy),Lower Confidence Interval,Region,Standard Error,Trust (Government Corruption),Upper Confidence Interval,Whisker.high,Whisker.low,year
Afghanistan,1.9521,0.31982,0.30285,0.23414,0.3651,153,3.575,0.30335,,Southern Asia,0.03084,0.09719,,,,2015
Afghanistan,2.14558,0.38227,0.11037,0.1643,0.31268,154,3.36,0.17344,3.288,Southern Asia,,0.07112,3.432,,,2016
Afghanistan,2.150801182,0.401477218,0.581543326,0.10617952,0.311870933,141,3.79399991,0.180746779,,Southern Asia,,0.06115783,,3.873661415,3.714338405,2017
Albania,1.89894,0.87867,0.80434,0.35733,0.14272,95,4.959,0.81325,,Central and Eastern Europe,0.05013,0.06413,,,,2015
Albania,1.92816,0.9553,0.50163,0.31866,0.1684,109,4.655,0.73007,4.546,Central and Eastern Europe,,0.05301,4.764,,,2016
Albania,1.490441561,0.996192753,0.803685248,0.381498635,0.201312944,109,4.644000053,0.731159747,,Central and Eastern Europe,,0.039864216,,4.752464006,4.5355361,2017
Algiers,2.43209,0.93929,1.07772,0.28579,0.07822,68,5.605,0.61766,,Middle East and Northern Africa,0.05099,0.17383,,,,2015
Algeria,3.40904,1.05266,0.83309,0.21006,0.07044,38,6.355,0.61804,6.227,Middle East and Northern Africa,,0.16157,6.483,,,2016
Algeria,2.567603827,1.091864467,1.146217465,0.233335808,0.069436647,53,5.872000217,0.617584646,,Middle East and Northern Africa,,0.14609611,,5.978286434,5.765714001,2017
Angola,1.94939,0.75778,0.8604,0.10384,0.12344,137,4.033,0.16683,,Sub-Saharan Africa,0.04758,0.07122,,,,2015
Angola,2.09459,0.84731,0.66366,0.00589,0.12071,141,3.866,0.04991,3.753,Sub-Saharan Africa,,0.08434,3.979,,,2016
Angola,1.614482403,0.85842818,1.10441196,0,0.09792649,140,3.795000076,0.049868666,,Sub-Saharan Africa,,0.069720335,,3.951641935,3.638358217,2017
Argentina,2.836,1.05351,1.24823,0.44974,0.11451,30,6.574,0.78723,,Latin America and Caribbean,0.04612,0.08484,,,,2015
Argentina,3.12985,1.15137,1.06612,0.42284,0.10989,26,6.65,0.69711,6.56,Latin America and Caribbean,,0.07296,6.74,,,2016
Argentina,2.614005327,1.185295463,1.440451145,0.494519204,0.109457061,24,6.598999977,0.695137084,,Latin America and Caribbean,,0.059739888,,6.690085086,6.507914868,2017
Armenia,1.75873,0.76821,0.77711,0.19847,0.07855,127,4.35,0.7299,,Central and Eastern Europe,0.04763,0.039,,,,2015
Armenia,1.97864,0.86086,0.62477,0.14037,0.07793,121,4.36,0.64083,4.266,Central and Eastern Europe,,0.03616,4.454,,,2016
Armenia,1.521499157,0.900596738,1.007483721,0.198303267,0.083488092,121,4.375999928,0.637524426,,Central and Eastern Europe,,0.026674422,,4.466734612,4.285265243,2017
Australia,2.26646,1.33358,1.30923,0.65124,0.43562,10,7.284,0.93156,,Australia and New Zealand,0.04083,0.35637,,,,2015
Australia,2.5465,1.44443,1.10476,0.56837,0.47407,9,7.313,0.8512,7.241,Australia and New Zealand,,0.32331,7.385,,,2016
Australia,2.065210819,1.484414935,1.510041952,0.601607382,0.47769925,10,7.28399992,0.843886793,,Australia and New Zealand,,0.30118373,,7.356651225,7.211348615,2017
Austria,2.5332,1.33723,1.29704,0.62433,0.33088,13,7.2,0.89042,,Western Europe,0.03751,0.18676,,,,2015
Austria,2.69343,1.45038,1.08383,0.54355,0.32865,12,7.119,0.80565,7.045,Western Europe,,0.21348,7.193,,,2016
Austria,2.138506413,1.487097263,1.459944963,0.56776619,0.316472322,13,7.006000042,0.815328419,,Western Europe,,0.221060365,,7.070669812,6.941330272,2017
Azerbaijan,2.00073,1.02389,0.93793,0.3703,0.07799,80,5.212,0.64045,,Central and Eastern Europe,0.03363,0.16065,,,,2015
Azerbaijan,2.2735,1.12373,0.76042,0.35327,0.0564,81,5.291,0.54504,5.226,Central and Eastern Europe,,0.17914,5.356,,,2016
Azerbaijan,1.762481689,1.153601766,1.152400255,0.398155838,0.04526934,85,5.234000206,0.540775776,,Central and Eastern Europe,,0.180987507,,5.299286535,5.168713877,2017
Bahrain,1.73797,1.32376,1.21624,0.45492,0.17362,49,5.96,0.74716,,Middle East and Northern Africa,0.05412,0.306,,,,2015
Bahrain,2.27405,1.44024,0.94397,0.47375,0.17147,42,6.218,0.65696,6.128,Middle East and Northern Africa,,0.25772,6.308,,,2016
Bahrain,1.656149387,1.488412261,1.323110461,0.536746919,0.172668487,41,6.086999893,0.653133035,,Middle East and Northern Africa,,0.25704217,,6.178989068,5.995010719,2017
Bangladesh,2.51767,0.39753,0.43106,0.4082,0.21222,109,4.694,0.60164,,Southern Asia,0.03077,0.12569,,,,2015
Bangladesh,2.60904,0.54177,0.24749,0.39778,0.19132,110,4.643,0.52989,4.56,Southern Asia,,0.12583,4.726,,,2016
Bangladesh,1.978736162,0.586682975,0.735131741,0.478356659,0.172255352,110,4.607999802,0.533241034,,Southern Asia,,0.123717859,,4.689821658,4.526177945,2017
Belarus,2.1309,1.03192,1.23289,0.37938,0.11046,59,5.813,0.73608,,Central and Eastern Europe,0.03938,0.1909,,,,2015
Belarus,2.38582,1.13062,1.04993,0.29091,0.13942,61,5.802,0.63104,5.723,Central and Eastern Europe,,0.17457,5.881,,,2016
Belarus,1.723232985,1.15655756,1.444945216,0.295400262,0.155137509,67,5.568999767,0.637714267,,Central and Eastern Europe,,0.156313822,,5.646114244,5.491885291,2017
Belgium,2.41484,1.30782,1.28566,0.5845,0.2225,19,6.937,0.89667,,Western Europe,0.03595,0.2254,,,,2015
Belgium,2.61355,1.42539,1.05249,0.51354,0.2424,18,6.929,0.81959,6.861,Western Europe,,0.26248,6.997,,,2016
Belgium,2.124210358,1.463780761,1.462312698,0.539770722,0.231503338,17,6.890999794,0.818091869,,Western Europe,,0.251343131,,6.95582075,6.826178838,2017
Belize,3.08039,0.87616,0.68655,0.51231,0.23684,52,5.956,0.45569,5.71,Latin America and Caribbean,,0.10771,6.202,,,2016
Belize,2.631955624,0.907975316,1.081417799,0.547509372,0.240015641,50,5.955999851,0.450191766,,Latin America and Caribbean,,0.096581072,,6.197242318,5.714757385,2017
Benin,1.63328,0.28665,0.35386,0.4845,0.1826,155,3.34,0.3191,,Sub-Saharan Africa,0.03656,0.0801,,,,2015
Benin,2.10812,0.39499,0.10419,0.39747,0.2018,153,3.484,0.21028,3.404,Sub-Saharan Africa,,0.06681,3.564,,,2016
Benin,1.885630965,0.431085408,0.435299844,0.425962776,0.207948461,143,3.657000065,0.209930211,,Sub-Saharan Africa,,0.060929015,,3.745783551,3.568216578,2017
Bhutan,1.63794,0.77042,1.10395,0.53206,0.47998,79,5.253,0.57407,,Southern Asia,0.03225,0.15445,,,,2015
Bhutan,1.82916,0.8527,0.90836,0.46074,0.48546,84,5.196,0.49759,5.138,Southern Asia,,0.1616,5.254,,,2016
Bhutan,1.140184402,0.885416389,1.340126514,0.501537681,0.474054545,97,5.011000156,0.495879292,,Southern Asia,,0.17338039,,5.079334562,4.942665751,2017
Bolivia,2.82334,0.68133,0.97841,0.57414,0.20536,51,5.89,0.5392,,Latin America and Caribbean,0.05642,0.088,,,,2015
Bolivia,2.91635,0.79422,0.83779,0.50961,0.21698,59,5.822,0.4697,5.74,Latin America and Caribbean,,0.07746,5.904,,,2016
Bolivia,2.443279028,0.833756566,1.227619052,0.558732927,0.225560725,58,5.822999954,0.47363025,,Latin America and Caribbean,,0.060477726,,5.903976903,5.742023006,2017
Bosnia and Herzegovina,2.06367,0.83223,0.91916,0.09245,0.24808,96,4.949,0.79081,,Central and Eastern Europe,0.06913,0.00227,,,,2015
Bosnia and Herzegovina,2.48406,0.93383,0.64367,0.09511,0.29889,87,5.163,0.70766,5.063,Central and Eastern Europe,,0,5.263,,,2016
Bosnia and Herzegovina,1.892172575,0.982409418,1.069335938,0.204403177,0.328867495,90,5.18200016,0.705186307,,Central and Eastern Europe,,0,,5.276335687,5.087664634,2017
Botswana,1.46181,0.99355,1.10464,0.49495,0.10461,128,4.332,0.04776,,Sub-Saharan Africa,0.04934,0.12474,,,,2015
Botswana,0.96741,1.09426,0.89186,0.44089,0.12425,137,3.974,0.34752,3.875,Sub-Saharan Africa,,0.10769,4.073,,,2016
Botswana,0.377913713,1.122094154,1.221554995,0.505196333,0.099348448,142,3.766000032,0.341755509,,Sub-Saharan Africa,,0.098583199,,3.874122666,3.657877399,2017
Brazil,3.26001,0.98124,1.23287,0.49049,0.14574,16,6.983,0.69702,,Latin America and Caribbean,0.04076,0.17521,,,,2015
Brazil,3.50733,1.08754,1.03938,0.40425,0.15776,17,6.952,0.61415,6.875,Latin America and Caribbean,,0.14166,7.029,,,2016
Brazil,2.769267082,1.10735321,1.431306005,0.437453747,0.162349895,22,6.635000229,0.616552353,,Latin America and Caribbean,,0.111092761,,6.725469502,6.544530956,2017
Bulgaria,0.89991,1.01216,1.10614,0.30587,0.11921,134,4.218,0.76649,,Central and Eastern Europe,0.04828,0.00872,,,,2015
Bulgaria,1.15377,1.11306,0.92542,0.21219,0.12793,129,4.217,0.67806,4.104,Central and Eastern Europe,,0.00615,4.33,,,2016
Bulgaria,0.996139288,1.161459088,1.434379458,0.289231718,0.113177694,105,4.714000225,0.70821768,,Central and Eastern Europe,,0.011051531,,4.803694706,4.624305744,2017
Burkina Faso,1.46494,0.25812,0.85188,0.39493,0.21747,152,3.587,0.27125,,Sub-Saharan Africa,0.04324,0.12832,,,,2015
Burkina Faso,1.87319,0.31995,0.63054,0.3337,0.24353,145,3.739,0.21297,3.647,Sub-Saharan Africa,,0.12533,3.831,,,2016
Burkina Faso,1.727212906,0.350227714,1.043280005,0.324367851,0.250864685,134,4.032000065,0.215844259,,Sub-Saharan Africa,,0.120328106,,4.124059064,3.939941065,2017
Burundi,1.83302,0.0153,0.41587,0.1185,0.19727,157,2.905,0.22396,,Sub-Saharan Africa,0.08658,0.10062,,,,2015
Burundi,2.10404,0.06831,0.23442,0.0432,0.2029,157,2.905,0.15747,2.732,Sub-Saharan Africa,,0.09419,3.078,,,2016
Burundi,1.683024168,0.091622569,0.629793584,0.059900753,0.204435185,154,2.904999971,0.151610792,,Sub-Saharan Africa,,0.084147945,,3.074690333,2.73530961,2017
Cambodia,0.98195,0.46038,0.62736,0.66246,0.40359,145,3.819,0.61114,,Southeastern Asia,0.05069,0.07247,,,,2015
Cambodia,1.31573,0.55604,0.5375,0.58852,0.40339,140,3.907,0.42494,3.798,Southeastern Asia,,0.08092,4.016,,,2016
Cambodia,1.042941093,0.601765096,1.006238341,0.633375823,0.385922968,129,4.168000221,0.429783404,,Southeastern Asia,,0.068105951,,4.278517814,4.057482629,2017
Cameroon,1.95071,0.4225,0.88767,0.49309,0.20618,133,4.252,0.23402,,Sub-Saharan Africa,0.04678,0.05786,,,,2015
Cameroon,2.5198,0.52497,0.62542,0.42736,0.2268,114,4.513,0.12698,4.417,Sub-Saharan Africa,,0.06126,4.609,,,2016
Cameroon,2.333645582,0.564305365,0.946018219,0.430388749,0.236298457,107,4.695000172,0.132892117,,Sub-Saharan Africa,,0.051306631,,4.796540857,4.593459486,2017
Canada,2.45176,1.32629,1.32261,0.63297,0.45811,5,7.427,0.90563,,North America,0.03553,0.32957,,,,2015
Canada,2.70485,1.44015,1.0961,0.5737,0.44834,6,7.404,0.8276,7.335,North America,,0.31329,7.473,,,2016
Canada,2.187264442,1.479204416,1.481348991,0.611100912,0.435539722,7,7.315999985,0.834557652,,North America,,0.287371516,,7.384402835,7.247597134,2017
Central African Republic,2.7223,0.0785,0,0.48879,0.23835,148,3.678,0.06699,,Sub-Saharan Africa,0.06112,0.08289,,,,2015
Central African Republic,2.066004753,0,0,0.270842046,0.280876487,155,2.693000078,0.018772686,,,,0.056565076,,2.864884269,2.521115887,2017
Chad,1.94296,0.34193,0.76062,0.23501,0.18386,149,3.667,0.1501,,Sub-Saharan Africa,0.0383,0.05269,,,,2015
Chad,2.30637,0.42214,0.63178,0.12807,0.18667,144,3.763,0.03824,3.672,Sub-Saharan Africa,,0.04952,3.854,,,2016
Chad,2.071238041,0.438012987,0.953855872,0.162342027,0.21611385,137,3.936000109,0.041134715,,Sub-Saharan Africa,,0.053581882,,4.034711524,3.837288693,2017
Chile,2.67585,1.10715,1.12447,0.44132,0.33363,27,6.67,0.85857,,Latin America and Caribbean,0.058,0.12869,,,,2015
Chile,2.95505,1.2167,0.90587,0.37789,0.31595,24,6.705,0.81883,6.615,Latin America and Caribbean,,0.11451,6.795,,,2016
Chile,2.509585857,1.25278461,1.284024954,0.376895279,0.326662421,20,6.65199995,0.819479704,,Latin America and Caribbean,,0.082287982,,6.73925056,6.564749341,2017
China,1.8604,0.89012,0.94675,0.51697,0.08185,84,5.14,0.81658,,Eastern Asia,0.02424,0.02781,,,,2015
China,2.17087,1.0278,0.79381,0.44012,0.04959,83,5.245,0.73561,5.199,Eastern Asia,,0.02745,5.291,,,2016
China,1.764938593,1.081165791,1.160837412,0.472787708,0.028806841,79,5.272999763,0.741415501,,Eastern Asia,,0.022794275,,5.31927809,5.226721437,2017
Colombia,2.85737,0.91861,1.24018,0.53466,0.18401,33,6.477,0.69077,,Latin America and Caribbean,0.05051,0.0512,,,,2015
Colombia,3.17471,1.03032,1.02169,0.44735,0.15626,31,6.481,0.59659,6.384,Latin America and Caribbean,,0.05399,6.578,,,2016
Colombia,2.616068125,1.070622325,1.402182937,0.477487415,0.149014473,36,6.356999874,0.595027924,,Latin America and Caribbean,,0.046668742,,6.452020054,6.261979694,2017
Comoros,1.95812,0.23906,0.79273,0.22917,0.17441,140,3.956,0.36315,,Sub-Saharan Africa,0.04797,0.199,,,,2015
Comoros,2.25632,0.27509,0.60323,0.15412,0.1827,138,3.956,0.29981,3.86,Sub-Saharan Africa,,0.18437,4.052,,,2016
Congo (Brazzaville),1.68135,0.67866,0.6629,0.41466,0.12388,139,3.989,0.31051,,Sub-Saharan Africa,0.06682,0.11686,,,,2015
Congo (Brazzaville),2.10681,0.77109,0.47799,0.37938,0.12077,127,4.236,0.28212,4.107,Sub-Saharan Africa,,0.09753,4.365,,,2016
Congo (Brazzaville),1.724135637,0.808964252,0.832044363,0.435025871,0.120852128,124,4.290999889,0.289957434,,Sub-Saharan Africa,,0.079618134,,4.410053505,4.171946274,2017
Congo (Kinshasa),2.86712,0,1.0012,0.22605,0.24834,120,4.517,0.09806,,Sub-Saharan Africa,0.0368,0.07625,,,,2015
Congo (Kinshasa),2.74924,0.05661,0.80676,0.15602,0.25458,125,4.272,0.188,4.191,Sub-Saharan Africa,,0.06075,4.353,,,2016
Congo (Kinshasa),2.224958658,0.092102349,1.229023457,0.235961348,0.246455833,126,4.28000021,0.191407025,,Sub-Saharan Africa,,0.060241356,,4.357810833,4.202189587,2017
Costa Rica,3.17728,0.95578,1.23788,0.63376,0.25497,12,7.226,0.86027,,Latin America and Caribbean,0.04454,0.10583,,,,2015
Costa Rica,3.35168,1.06879,1.02152,0.55225,0.22553,14,7.087,0.76146,6.999,Latin America and Caribbean,,0.10547,7.175,,,2016
Costa Rica,2.898639202,1.109706283,1.416403651,0.58013165,0.214613229,12,7.078999996,0.759509265,,Latin America and Caribbean,,0.100106589,,7.168111666,6.989888326,2017
Croatia,2.75414,1.08254,0.79624,0.25883,0.05444,62,5.759,0.78805,,Central and Eastern Europe,0.04394,0.0243,,,,2015
Croatia,2.52462,1.18649,0.60809,0.23907,0.18434,74,5.488,0.70524,5.402,Central and Eastern Europe,,0.04002,5.574,,,2016
Croatia,1.854492426,1.222556233,0.967983007,0.255772293,0.248002976,77,5.293000221,0.701288521,,Central and Eastern Europe,,0.04310311,,5.391777205,5.194223238,2017
Cyprus,1.88931,1.20813,0.89318,0.40672,0.30638,67,5.689,0.92356,,Western Europe,0.0558,0.06146,,,,2015
Cyprus,2.04497,1.31857,0.70697,0.29507,0.27906,69,5.546,0.8488,5.442,Western Europe,,0.05228,5.65,,,2016
Cyprus,1.621249199,1.355938077,1.131363273,0.355111539,0.271254301,65,5.620999813,0.844714701,,Western Europe,,0.041237976,,5.714692699,5.527306927,2017
Czech Republic,2.67782,1.17898,1.20643,0.46364,0.10686,31,6.505,0.84483,,Central and Eastern Europe,0.04168,0.02652,,,,2015
Czech Republic,2.96211,1.30915,1.00793,0.41418,0.09929,27,6.596,0.76376,6.515,Central and Eastern Europe,,0.03986,6.677,,,2016
Czech Republic,2.451861858,1.352682352,1.433885217,0.490946174,0.088106759,23,6.609000206,0.754444003,,Central and Eastern Europe,,0.036872927,,6.683862463,6.534137949,2017
Denmark,2.49204,1.32548,1.36058,0.64938,0.34139,3,7.527,0.87464,,Western Europe,0.03328,0.48357,,,,2015
Denmark,2.73939,1.44178,1.16374,0.57941,0.36171,1,7.526,0.79504,7.46,Western Europe,,0.44453,7.592,,,2016
Denmark,2.313707352,1.482383013,1.551121593,0.626006722,0.355280489,2,7.521999836,0.792565525,,Western Europe,,0.400770068,,7.581728065,7.462271607,2017
Djibouti,2.05125,0.44025,0.59207,0.46074,0.18093,126,4.369,0.36291,,Sub-Saharan Africa,0.08096,0.28105,,,,2015
Dominican Republic,1.21305,0.89537,1.17202,0.57672,0.21684,98,4.885,0.66825,,Latin America and Caribbean,0.07446,0.14234,,,,2015
Dominican Republic,1.69626,1.02787,0.99496,0.52259,0.21286,89,5.155,0.57669,5.037,Latin America and Caribbean,,0.12372,5.273,,,2016
Dominican Republic,1.31946516,1.079373837,1.402416706,0.552589834,0.18696785,86,5.230000019,0.574873745,,Latin America and Caribbean,,0.113945253,,5.349060885,5.110939153,2017
Ecuador,2.53942,0.86402,0.99903,0.48574,0.11541,48,5.975,0.79075,,Latin America and Caribbean,0.04528,0.1809,,,,2015
Ecuador,2.77366,0.97306,0.85974,0.4027,0.10074,51,5.976,0.68613,5.88,Latin America and Caribbean,,0.18037,6.072,,,2016
Ecuador,2.290352583,1.000820398,1.286168814,0.455198199,0.150112465,44,6.007999897,0.685636222,,Latin America and Caribbean,,0.140134647,,6.105847675,5.910152119,2017
Egypt,1.59927,0.8818,0.747,0.17288,0.11291,135,4.194,0.61712,,Middle East and Northern Africa,0.0326,0.06324,,,,2015
Egypt,1.96895,0.95395,0.49813,0.18847,0.12706,120,4.362,0.52116,4.259,Middle East and Northern Africa,,0.10393,4.465,,,2016
Egypt,1.702161074,0.989701807,0.997471392,0.282110155,0.128631443,104,4.735000134,0.520187259,,Middle East and Northern Africa,,0.114381365,,4.82513379,4.644866477,2017
El Salvador,3.035,0.76454,1.02507,0.4035,0.10692,42,6.13,0.67737,,Latin America and Caribbean,0.05618,0.11776,,,,2015
El Salvador,3.22134,0.8737,0.80975,0.37269,0.08877,46,6.068,0.596,5.967,Latin America and Caribbean,,0.10613,6.169,,,2016
El Salvador,2.714593887,0.909784496,1.182125092,0.43245253,0.078257985,45,6.002999783,0.596018553,,Latin America and Caribbean,,0.08998096,,6.108635122,5.897364443,2017
Estonia,1.58782,1.15174,1.22791,0.44888,0.0868,73,5.429,0.77361,,Central and Eastern Europe,0.04013,0.15184,,,,2015
Estonia,1.81985,1.27964,1.05163,0.41511,0.08423,72,5.517,0.68098,5.437,Central and Eastern Europe,,0.18519,5.597,,,2016
Estonia,1.357508659,1.32087934,1.4766711,0.47913143,0.098890811,66,5.611000061,0.695168316,,Central and Eastern Europe,,0.183248922,,5.688139874,5.533860248,2017
Ethiopia,2.44876,0.19073,0.60406,0.4345,0.24325,122,4.512,0.44055,,Sub-Saharan Africa,0.0378,0.15048,,,,2015
Ethiopia,2.65614,0.29283,0.37932,0.36703,0.29522,115,4.508,0.34578,4.425,Sub-Saharan Africa,,0.1717,4.591,,,2016
Ethiopia,2.015743732,0.339233845,0.864669204,0.408842742,0.31265074,119,4.460000038,0.353409708,,Sub-Saharan Africa,,0.165455714,,4.542728677,4.3772714,2017
Finland,2.61955,1.29025,1.31826,0.64169,0.23351,6,7.406,0.88911,,Western Europe,0.0314,0.41372,,,,2015
Finland,2.82596,1.40598,1.13464,0.57104,0.25492,5,7.413,0.81091,7.351,Western Europe,,0.41004,7.475,,,2016
Finland,2.430181503,1.443571925,1.540246725,0.617950857,0.245482773,5,7.468999863,0.80915767,,Western Europe,,0.382611543,,7.527542076,7.41045765,2017
France,2.21126,1.27778,1.26038,0.55011,0.12332,29,6.575,0.94579,,Western Europe,0.03512,0.20646,,,,2015
France,2.4744,1.39488,1.00508,0.46562,0.1216,32,6.478,0.83795,6.397,Western Europe,,0.17808,6.559,,,2016
France,2.005954742,1.430923462,1.387776852,0.470222116,0.129762307,31,6.441999912,0.844465852,,Western Europe,,0.172502428,,6.515767802,6.368232022,2017
Gabon,0.99895,1.06024,0.90528,0.31914,0.06822,143,3.896,0.43372,,Sub-Saharan Africa,0.04547,0.11091,,,,2015
Gabon,1.45332,1.15851,0.72368,0.28098,0.06244,134,4.121,0.3494,4.03,Sub-Saharan Africa,,0.09314,4.212,,,2016
Gabon,1.322916269,1.198210239,1.155620217,0.312328577,0.043785378,118,4.465000153,0.356578588,,Sub-Saharan Africa,,0.076046787,,4.557361766,4.37263854,2017
Georgia,1.59541,0.7419,0.38562,0.40577,0.05547,130,4.297,0.72926,,Central and Eastern Europe,0.04221,0.38331,,,,2015
Georgia,1.87031,0.83792,0.19249,0.32461,0.06786,126,4.252,0.64035,4.164,Central and Eastern Europe,,0.3188,4.34,,,2016
Georgia,1.500137806,0.950612664,0.570614934,0.309410036,0.054008815,125,4.285999775,0.649546981,,Central and Eastern Europe,,0.251666635,,4.374933966,4.197065584,2017
Germany,2.11569,1.32792,1.29937,0.61477,0.28214,26,6.75,0.89186,,Western Europe,0.01848,0.21843,,,,2015
Germany,2.50931,1.44787,1.09774,0.53466,0.30452,16,6.994,0.81487,6.93,Western Europe,,0.28551,7.058,,,2016
Germany,2.015769958,1.487923384,1.472520351,0.562511384,0.33626917,16,6.951000214,0.798950732,,Western Europe,,0.276731938,,7.005381569,6.896618858,2017
Ghana,2.30919,0.54558,0.67954,0.42342,0.23087,114,4.633,0.40132,,Sub-Saharan Africa,0.04742,0.04355,,,,2015
Ghana,2.2002,0.63107,0.49353,0.40973,0.21203,124,4.276,0.29681,4.185,Sub-Saharan Africa,,0.0326,4.367,,,2016
Ghana,1.577867508,0.667224824,0.873664737,0.423026294,0.256923944,131,4.119999886,0.295637727,,Sub-Saharan Africa,,0.02533637,,4.222707209,4.017292563,2017
Greece,1.80101,1.15406,0.92933,0.07699,0,102,4.857,0.88213,,Western Europe,0.05062,0.01397,,,,2015
Greece,2.12944,1.24886,0.75473,0.05822,0,99,5.033,0.80029,4.935,Western Europe,,0.04127,5.131,,,2016
Greece,1.749221563,1.289487481,1.239414573,0.095731251,0,87,5.227000237,0.810198903,,Western Europe,,0.043289777,,5.325246169,5.128754304,2017
Guatemala,2.74255,0.74553,1.04356,0.57733,0.27489,43,6.123,0.64425,,Latin America and Caribbean,0.05224,0.09472,,,,2015
Guatemala,3.19863,0.83454,0.87119,0.50379,0.28808,39,6.324,0.54039,6.213,Latin America and Caribbean,,0.08701,6.435,,,2016
Guatemala,2.893891096,0.872001946,1.255585194,0.531310618,0.283488393,29,6.453999996,0.54023999,,Latin America and Caribbean,,0.077223279,,6.566873973,6.34112602,2017
Guinea,1.99172,0.17417,0.46475,0.37725,0.28657,150,3.656,0.24009,,Sub-Saharan Africa,0.0359,0.12139,,,,2015
Guinea,2.15604,0.22415,0.3109,0.30953,0.29914,151,3.607,0.18829,3.533,Sub-Saharan Africa,,0.1192,3.681,,,2016
Guinea,1.552311897,0.24454993,0.791244686,0.348587513,0.264815092,149,3.506999969,0.194129139,,Sub-Saharan Africa,,0.110937618,,3.584428129,3.42957181,2017
Haiti,2.24173,0.26673,0.74302,0.24425,0.46187,119,4.518,0.38847,,Latin America and Caribbean,0.07331,0.17175,,,,2015
Haiti,2.37116,0.34097,0.29561,0.12072,0.47958,136,4.028,0.27494,3.893,Latin America and Caribbean,,0.14476,4.163,,,2016
Haiti,1.697167635,0.368610263,0.640449822,0.030369857,0.489203781,145,3.602999926,0.27732113,,Latin America and Caribbean,,0.09987215,,3.734714798,3.471285053,2017
Honduras,1.84408,0.59532,0.95348,0.40148,0.23027,105,4.788,0.6951,,Latin America and Caribbean,0.05648,0.06825,,,,2015
Honduras,2.29551,0.69429,0.75596,0.26755,0.2044,104,4.871,0.58383,4.75,Latin America and Caribbean,,0.06906,4.992,,,2016
Honduras,2.065811157,0.730573118,1.143944979,0.34807986,0.236188874,91,5.181000233,0.58256948,,Latin America and Caribbean,,0.073345453,,5.301582797,5.060417669,2017
Hong Kong,0.65429,1.38604,1.05818,0.59608,0.39478,72,5.474,1.01328,,Eastern Asia,0.05051,0.37124,,,,2015
Hong Kong,0.92614,1.5107,0.87021,0.48079,0.40097,75,5.458,0.95277,5.362,Eastern Asia,,0.31647,5.554,,,2016
Hong Kong,0.554633141,1.551674843,1.262790918,0.490968645,0.374465793,71,5.472000122,0.943062425,,Eastern Asia,,0.293933749,,5.549594173,5.394406071,2017
Hungary,1.24074,1.12094,1.20215,0.32112,0.128,104,4.8,0.75905,,Central and Eastern Europe,0.06107,0.02758,,,,2015
Hungary,1.95473,1.24142,0.93164,0.1977,0.099,91,5.145,0.67608,5.056,Central and Eastern Europe,,0.04472,5.234,,,2016
Hungary,1.716459274,1.286011934,1.343133092,0.175863519,0.078401662,75,5.323999882,0.687763453,,Central and Eastern Europe,,0.036636937,,5.403039709,5.244960054,2017
Iceland,2.70201,1.30232,1.40223,0.62877,0.4363,2,7.561,0.94784,,Western Europe,0.04884,0.14145,,,,2015
Iceland,2.83137,1.42666,1.18326,0.56624,0.47678,3,7.501,0.86733,7.333,Western Europe,,0.14975,7.669,,,2016
Iceland,2.322715282,1.48063302,1.610574007,0.627162635,0.475540221,3,7.504000187,0.833552122,,Western Europe,,0.153526559,,7.622030473,7.385969901,2017
India,2.27513,0.64499,0.38174,0.39786,0.26475,117,4.565,0.51529,,Southern Asia,0.02043,0.08492,,,,2015
India,2.18032,0.74036,0.29247,0.40285,0.25028,118,4.404,0.45091,4.351,Southern Asia,,0.08722,4.457,,,2016
India,1.519117117,0.792221248,0.754372597,0.469987005,0.231538489,122,4.315000057,0.455427617,,Southern Asia,,0.092226885,,4.371522017,4.258478097,2017
Indonesia,1.86399,0.82827,1.08708,0.46611,0.51535,74,5.399,0.63793,,Southeastern Asia,0.02596,0,,,,2015
Indonesia,2.03171,0.95104,0.87625,0.39237,0.56521,79,5.314,0.49374,5.237,Southeastern Asia,,0.00322,5.391,,,2016
Indonesia,1.429476976,0.995538592,1.274444699,0.443323463,0.611704588,81,5.262000084,0.492345721,,Southeastern Asia,,0.015317135,,5.352888598,5.17111157,2017
Iran,1.6944,1.0088,0.54447,0.30033,0.38086,110,4.686,0.69805,,Middle East and Northern Africa,0.04449,0.05863,,,,2015
Iran,1.99817,1.11758,0.38857,0.22544,0.38538,105,4.813,0.64232,4.703,Middle East and Northern Africa,,0.0557,4.923,,,2016
Iran,1.498734951,1.156873107,0.711551249,0.249322608,0.387242913,108,4.691999912,0.639333189,,Middle East and Northern Africa,,0.048761073,,4.798224708,4.585775117,2017
Iraq,1.95335,0.98549,0.81889,0,0.17922,112,4.677,0.60237,,Middle East and Northern Africa,0.05232,0.13788,,,,2015
Iraq,1.81657,1.07474,0.59205,0.24856,0.19589,112,4.575,0.51076,4.446,Middle East and Northern Africa,,0.13636,4.704,,,2016
Iraq,1.318907261,1.102710485,0.978613198,0.288555533,0.199637264,117,4.497000217,0.50118047,,Middle East and Northern Africa,,0.107215755,,4.62259141,4.371409025,2017
Ireland,1.9757,1.33596,1.36948,0.61777,0.45901,18,6.94,0.89533,,Western Europe,0.03676,0.28703,,,,2015
Ireland,2.15988,1.48341,1.16157,0.54008,0.44963,19,6.907,0.81455,6.836,Western Europe,,0.29754,6.978,,,2016
Ireland,1.773869038,1.535706639,1.558231115,0.573110342,0.427858323,15,6.977000237,0.809782624,,Western Europe,,0.298388153,,7.043351668,6.910648805,2017
Israel,3.08854,1.22857,1.22393,0.41319,0.33172,11,7.278,0.91387,,Middle East and Northern Africa,0.0347,0.07785,,,,2015
Israel,3.31029,1.33766,0.99537,0.36432,0.32288,11,7.267,0.84917,7.199,Middle East and Northern Africa,,0.08728,7.335,,,2016
Israel,2.801757336,1.375382423,1.376289964,0.405988604,0.330082655,11,7.212999821,0.838404,,Middle East and Northern Africa,,0.0852421,,7.279853256,7.146146385,2017
Italy,2.02518,1.25114,1.19777,0.26236,0.22823,50,5.948,0.95446,,Western Europe,0.03914,0.02901,,,,2015
Italy,2.34918,1.35495,1.04167,0.18827,0.16684,50,5.977,0.85102,5.898,Western Europe,,0.02556,6.056,,,2016
Italy,1.813312054,1.395066619,1.444923282,0.256450713,0.172789648,48,5.964000225,0.853144348,,Western Europe,,0.028028091,,6.042736906,5.885263544,2017
Ivory Coast,1.41723,0.46534,0.77115,0.46866,0.20165,151,3.655,0.15185,,Sub-Saharan Africa,0.05141,0.17922,,,,2015
Ivory Coast,1.97478,0.55507,0.57576,0.40663,0.20338,139,3.916,0.04476,3.826,Sub-Saharan Africa,,0.1553,4.006,,,2016
Ivory Coast,1.844964266,0.603048921,0.90478003,0.447706193,0.20123747,128,4.179999828,0.04864217,,Sub-Saharan Africa,,0.130061775,,4.275182563,4.084817093,2017
Jamaica,2.32038,0.81038,1.15102,0.50442,0.2123,65,5.709,0.68741,,Latin America and Caribbean,0.13693,0.02299,,,,2015
Jamaica,2.35682,0.89333,0.96372,0.43597,0.22245,73,5.51,0.59469,5.315,Latin America and Caribbean,,0.04294,5.705,,,2016
Jamaica,1.612325668,0.925579309,1.368218064,0.474307239,0.233818337,76,5.31099987,0.641022384,,Latin America and Caribbean,,0.055267781,,5.581398728,5.040601012,2017
Japan,1.68435,1.27074,1.25712,0.49615,0.10705,46,5.987,0.99111,,Eastern Asia,0.03581,0.1806,,,,2015
Japan,1.80584,1.38007,1.06054,0.46761,0.10224,53,5.921,0.91491,5.85,Eastern Asia,,0.18985,5.992,,,2016
Japan,1.363223553,1.416915178,1.436337829,0.505625546,0.120572768,51,5.920000076,0.913475871,,Eastern Asia,,0.163760737,,5.990719445,5.849280708,2017
Jordan,1.87996,0.90198,1.05392,0.40661,0.11053,82,5.192,0.69639,,Middle East and Northern Africa,0.04524,0.14293,,,,2015
Jordan,2.20142,0.99673,0.86216,0.36023,0.14262,80,5.303,0.60712,5.187,Middle East and Northern Africa,,0.13297,5.419,,,2016
Jordan,1.791176558,0.991012394,1.239088893,0.418421149,0.17217046,74,5.335999966,0.604590058,,Middle East and Northern Africa,,0.119803272,,5.448410022,5.223589909,2017
Kazakhstan,2.24729,1.12254,1.12241,0.51649,0.11827,54,5.855,0.64368,,Central and Eastern Europe,0.04114,0.08454,,,,2015
Kazakhstan,2.49325,1.22943,0.95544,0.4052,0.15011,54,5.919,0.57386,5.837,Central and Eastern Europe,,0.11132,6.001,,,2016
Kazakhstan,1.784892559,1.28455627,1.384369016,0.437454283,0.201964423,60,5.818999767,0.606041551,,Central and Eastern Europe,,0.119282886,,5.903641775,5.73435776,2017
Kenya,1.78555,0.36471,0.99876,0.42215,0.37542,125,4.419,0.41435,,Sub-Saharan Africa,0.04734,0.05839,,,,2015
Kenya,1.88326,0.52267,0.7624,0.40576,0.41328,122,4.356,0.30147,4.259,Sub-Saharan Africa,,0.06686,4.453,,,2016
Kenya,1.651902199,0.560479462,1.067950726,0.452763766,0.444860309,112,4.552999973,0.30998835,,Sub-Saharan Africa,,0.064641319,,4.655691591,4.450308356,2017
Kosovo,2.76579,0.80148,0.81198,0.24749,0.2831,69,5.589,0.63132,,Central and Eastern Europe,0.05018,0.04741,,,,2015
Kosovo,2.80998,0.90145,0.66062,0.14396,0.27992,77,5.401,0.54,5.308,Central and Eastern Europe,,0.06547,5.494,,,2016
Kosovo,2.010540724,0.951484382,1.137853503,0.260287941,0.319931448,78,5.278999805,0.54145205,,Central and Eastern Europe,,0.057471618,,5.364847995,5.193151615,2017
Kuwait,1.87634,1.55422,1.16594,0.55499,0.16228,39,6.295,0.72492,,Middle East and Northern Africa,0.04456,0.25609,,,,2015
Kuwait,2.28085,1.61714,0.87758,0.43166,0.15965,41,6.239,0.63569,6.154,Middle East and Northern Africa,,0.23669,6.324,,,2016
Kuwait,1.640425205,1.632952452,1.259698749,0.496337593,0.228289798,39,6.105000019,0.632105708,,Middle East and Northern Africa,,0.21515955,,6.191956989,6.018043049,2017
Kyrgyzstan,2.2327,0.47428,1.15115,0.43477,0.3003,77,5.286,0.65088,,Central and Eastern Europe,0.03823,0.04232,,,,2015
Kyrgyzstan,2.28136,0.56044,0.95434,0.40212,0.38432,85,5.185,0.55449,5.103,Central and Eastern Europe,,0.04762,5.267,,,2016
Kyrgyzstan,1.536723137,0.596220076,1.394238591,0.454943389,0.428580374,98,5.004000187,0.553457797,,Central and Eastern Europe,,0.039439179,,5.089919903,4.918080471,2017
Laos,1.73799,0.59066,0.73803,0.59591,0.42192,99,4.876,0.54909,,Southeastern Asia,0.06698,0.24249,,,,2015
Laos,2.08637,0.68042,0.5497,0.52168,0.43079,102,4.876,0.38291,4.742,Southeastern Asia,,0.22423,5.01,,,2016
Latvia,1.62215,1.11312,1.09562,0.29671,0.18226,89,5.098,0.72437,,Central and Eastern Europe,0.0464,0.06332,,,,2015
Latvia,2.20859,1.21788,0.95025,0.27996,0.17445,68,5.56,0.63952,5.486,Central and Eastern Europe,,0.0889,5.634,,,2016
Latvia,1.993655205,1.260748625,1.404714942,0.325707912,0.153074786,54,5.849999905,0.638566971,,Central and Eastern Europe,,0.073842727,,5.920263538,5.779736271,2017
Lebanon,1.57059,1.02564,0.80001,0.33916,0.21854,103,4.839,0.83947,,Middle East and Northern Africa,0.04337,0.04582,,,,2015
Lebanon,2.07339,1.12268,0.64184,0.26228,0.23693,93,5.129,0.76171,5.031,Middle East and Northern Africa,,0.03061,5.227,,,2016
Lebanon,1.695073843,1.074987531,1.129624248,0.288515985,0.264450759,88,5.224999905,0.735081077,,Middle East and Northern Africa,,0.03751383,,5.318882288,5.131117521,2017
Lesotho,2.79832,0.37545,1.04103,0.31767,0.16388,97,4.898,0.07612,,Sub-Saharan Africa,0.09438,0.12504,,,,2015
Lesotho,1.42983532,0.521021247,1.190095186,0.390661299,0.157497272,139,3.808000088,0,,,,0.11909464,,4.044343975,3.5716562,2017
Liberia,2.77729,0.0712,0.78968,0.28531,0.24362,116,4.571,0.34201,,Sub-Saharan Africa,0.11068,0.06232,,,,2015
Liberia,2.23284,0.10706,0.50353,0.25748,0.24063,150,3.622,0.23165,3.463,Sub-Saharan Africa,,0.04852,3.781,,,2016
Liberia,1.673285961,0.119041793,0.872117937,0.332881182,0.266549885,148,3.532999992,0.229918197,,Sub-Saharan Africa,,0.038948249,,3.653756261,3.412243724,2017
Libya,2.09066,1.13145,1.11862,0.41668,0.18295,63,5.754,0.7038,,Middle East and Northern Africa,0.07832,0.11023,,,,2015
Libya,2.39374,1.06688,0.95076,0.40672,0.17087,67,5.615,0.52304,5.406,Middle East and Northern Africa,,0.10339,5.824,,,2016
Libya,1.835011244,1.101803064,1.35756433,0.46573323,0.152073666,68,5.525000095,0.52016902,,Middle East and Northern Africa,,0.09261021,,5.676953807,5.373046384,2017
Lithuania,2.44649,1.14723,1.25745,0.21342,0.02641,56,5.833,0.73128,,Central and Eastern Europe,0.03843,0.01031,,,,2015
Lithuania,2.60525,1.2692,1.06411,0.18929,0.02025,60,5.813,0.64674,5.734,Central and Eastern Europe,,0.0182,5.892,,,2016
Lithuania,2.228440523,1.314582348,1.473516107,0.234231785,0.010164657,52,5.90199995,0.62894994,,Central and Eastern Europe,,0.011865643,,5.982669641,5.821330259,2017
Luxembourg,1.96961,1.56391,1.21963,0.61583,0.28034,17,6.946,0.91894,,Western Europe,0.03499,0.37798,,,,2015
Luxembourg,2.11055,1.69752,1.03999,0.5487,0.27571,20,6.871,0.84542,6.804,Western Europe,,0.35329,6.938,,,2016
Luxembourg,1.619512081,1.741943598,1.457583666,0.596627891,0.283180982,18,6.862999916,0.845089495,,Western Europe,,0.318834424,,6.9236861,6.802313732,2017
Macedonia,1.73933,0.91851,1.00232,0.33457,0.22359,93,5.007,0.73545,,Central and Eastern Europe,0.05376,0.05327,,,,2015
Macedonia,2.08947,1.0193,0.78236,0.27668,0.23507,95,5.121,0.64738,5.017,Central and Eastern Europe,,0.07047,5.225,,,2016
Macedonia,1.617469311,1.064577937,1.207893014,0.325905979,0.253760964,92,5.175000191,0.644948184,,Central and Eastern Europe,,0.060277794,,5.27217264,5.077827742,2017
Madagascar,1.851,0.20824,0.66801,0.19184,0.21333,147,3.681,0.46721,,Sub-Saharan Africa,0.03633,0.08124,,,,2015
Madagascar,2.15075,0.27954,0.46115,0.13684,0.2204,148,3.695,0.37109,3.621,Sub-Saharan Africa,,0.07506,3.769,,,2016
Madagascar,1.584612608,0.305808693,0.913020372,0.189196765,0.20873253,144,3.644000053,0.375223309,,Sub-Saharan Africa,,0.067231975,,3.714319106,3.573681001,2017
Malawi,2.80791,0.01604,0.41134,0.43054,0.33128,131,4.292,0.22562,,Sub-Saharan Africa,0.0613,0.06977,,,,2015
Malawi,2.82859,0.08709,0.147,0.4143,0.30968,132,4.156,0.29364,4.041,Sub-Saharan Africa,,0.07564,4.271,,,2016
Malawi,2.081786156,0.233442038,0.512568831,0.466914654,0.28717047,136,3.970000029,0.315089583,,Sub-Saharan Africa,,0.072711654,,4.077478817,3.86252124,2017
Malaysia,1.88541,1.12486,1.07023,0.53024,0.33075,61,5.77,0.72394,,Southeastern Asia,0.0433,0.10501,,,,2015
Malaysia,2.35384,1.25142,0.88025,0.39031,0.41474,47,6.005,0.62366,5.921,Southeastern Asia,,0.09081,6.089,,,2016
Malaysia,2.004448891,1.29121542,1.284646034,0.402264982,0.41660893,42,6.084000111,0.618784428,,Southeastern Asia,,0.065600708,,6.179979637,5.988020585,2017
Mali,1.79293,0.26074,1.03526,0.38857,0.18798,138,3.995,0.20583,,Sub-Saharan Africa,0.05602,0.12352,,,,2015
Mali,2.11087,0.31292,0.86333,0.27544,0.21064,135,4.073,0.16347,3.988,Sub-Saharan Africa,,0.13647,4.158,,,2016
Mali,1.668190956,0.476180494,1.281473398,0.306613743,0.183354199,127,4.190000057,0.169365674,,Sub-Saharan Africa,,0.104970247,,4.269670711,4.110329403,2017
Malta,1.6488,1.2074,1.30203,0.60365,0.51752,37,6.302,0.88721,,Western Europe,0.04206,0.13586,,,,2015
Malta,1.99032,1.30782,1.09879,0.54994,0.56237,30,6.488,0.80315,6.409,Western Europe,,0.17554,6.567,,,2016
Malta,1.556862831,1.343279839,1.488411665,0.588767052,0.574730575,27,6.52699995,0.821944237,,Western Europe,,0.153066069,,6.598396773,6.455603128,2017
Mauritania,2.11773,0.45407,0.86908,0.24232,0.219,124,4.436,0.35874,,Sub-Saharan Africa,0.03947,0.17461,,,,2015
Mauritania,1.9263,0.61391,0.84142,0.1268,0.22686,130,4.201,0.28639,4.127,Sub-Saharan Africa,,0.17955,4.275,,,2016
Mauritania,1.651637316,0.648457289,1.27203083,0.096098043,0.201870024,123,4.291999817,0.28534928,,Sub-Saharan Africa,,0.136957005,,4.377163616,4.206836018,2017
Mauritius,1.76145,1.00761,0.98521,0.56066,0.37744,71,5.477,0.7095,,Sub-Saharan Africa,0.07197,0.07521,,,,2015
Mauritius,2.20223,1.14372,0.75695,0.46145,0.36951,66,5.648,0.66189,5.507,Sub-Saharan Africa,,0.05203,5.789,,,2016
Mauritius,1.697583914,1.189395547,1.20956099,0.491247326,0.360933751,64,5.629000187,0.638007462,,Sub-Saharan Africa,,0.042181555,,5.729862192,5.528138182,2017
Mexico,3.60214,1.02054,0.91451,0.48181,0.14074,14,7.187,0.81444,,Latin America and Caribbean,0.04176,0.21312,,,,2015
Mexico,3.55906,1.11508,0.7146,0.37709,0.11735,21,6.778,0.71143,6.68,Latin America and Caribbean,,0.18355,6.876,,,2016
Mexico,2.837154865,1.153183818,1.21086216,0.412730008,0.120990433,25,6.578000069,0.709978998,,Latin America and Caribbean,,0.132774115,,6.671148908,6.48485123,2017
Moldova,3.10712,0.59448,1.01528,0.32818,0.20951,52,5.889,0.61826,,Central and Eastern Europe,0.03799,0.01615,,,,2015
Moldova,3.38007,0.69177,0.83132,0.25202,0.19997,55,5.897,0.52309,5.823,Central and Eastern Europe,,0.01903,5.971,,,2016
Moldova,2.807808399,0.72887063,1.251825571,0.240729049,0.208779126,56,5.837999821,0.589465201,,Central and Eastern Europe,,0.010091286,,5.908370838,5.767628803,2017
Mongolia,1.34759,0.82819,1.3006,0.43626,0.3323,100,4.874,0.60268,,Eastern Asia,0.03313,0.02666,,,,2015
Mongolia,1.53586,0.98853,1.08983,0.35972,0.34539,101,4.907,0.55469,4.838,Eastern Asia,,0.03285,4.976,,,2016
Mongolia,1.111292362,1.027235866,1.493011236,0.394143969,0.33846423,100,4.954999924,0.557783484,,Eastern Asia,,0.032902289,,5.021679509,4.888320338,2017
Montenegro,2.10017,0.97438,0.90557,0.1826,0.1614,82,5.192,0.72521,,Central and Eastern Europe,0.05235,0.14296,,,,2015
Montenegro,2.25531,1.07838,0.74173,0.15111,0.17191,88,5.161,0.63533,5.055,Central and Eastern Europe,,0.12721,5.267,,,2016
Montenegro,1.729191542,1.121129036,1.238376498,0.194989055,0.197911024,83,5.236999989,0.667464674,,Central and Eastern Europe,,0.088174194,,5.341044441,5.132955537,2017
Morocco,2.45373,0.73479,0.64095,0.41691,0.07172,92,5.013,0.60954,,Middle East and Northern Africa,0.0342,0.08546,,,,2015
Morocco,2.94891,0.84058,0.38595,0.25646,0.04053,90,5.151,0.59471,5.058,Middle East and Northern Africa,,0.08404,5.244,,,2016
Morocco,2.456189394,0.878114581,0.774864435,0.408158332,0.032209955,84,5.235000134,0.597710669,,Middle East and Northern Africa,,0.087763183,,5.318340965,5.151659302,2017
Mozambique,3.05137,0.08308,1.02626,0.34037,0.22269,94,4.971,0.09131,,Sub-Saharan Africa,0.07896,0.15603,,,,2015
Mozambique,2.355650902,0.23430565,0.870701015,0.480791092,0.322228104,113,4.550000191,0.106654435,,,,0.179436386,,4.774102326,4.325898055,2017
Myanmar,1.41805,0.27108,0.70905,0.44017,0.79588,129,4.307,0.48246,,Southeastern Asia,0.04351,0.19034,,,,2015
Myanmar,1.50655,0.34112,0.69981,0.42692,0.81971,119,4.395,0.3988,4.327,Southeastern Asia,,0.20243,4.463,,,2016
Myanmar,1.115290403,0.36711055,1.123235941,0.514492035,0.838075161,114,4.545000076,0.397522569,,Southeastern Asia,,0.188816205,,4.614739946,4.475260206,2017
Namibia,1.92198,0.93287,0.70362,0.48614,0.07795,113,4.574,0.34745,4.374,Sub-Saharan Africa,,0.10398,4.774,,,2016
Namibia,1.481890202,0.964434326,1.098470807,0.520303547,0.077133745,111,4.573999882,0.338611811,,Sub-Saharan Africa,,0.093146972,,4.770354741,4.377645023,2017
Nepal,1.95637,0.35997,0.86449,0.38282,0.32296,121,4.514,0.56874,,Southern Asia,0.03607,0.05907,,,,2015
Nepal,2.32694,0.44626,0.69699,0.37012,0.3816,107,4.793,0.50073,4.698,Southern Asia,,0.07008,4.888,,,2016
Nepal,1.891241074,0.479820192,1.179283261,0.440305948,0.394096166,99,4.961999893,0.504130781,,Southern Asia,,0.072975546,,5.067356079,4.856643707,2017
Netherlands,2.4657,1.32944,1.28017,0.61576,0.4761,7,7.378,0.89284,,Western Europe,0.02799,0.31814,,,,2015
Netherlands,2.70749,1.46468,1.02912,0.55211,0.47416,7,7.339,0.81231,7.284,Western Europe,,0.29927,7.394,,,2016
Netherlands,2.294804096,1.503944635,1.428939223,0.585384488,0.47048983,6,7.376999855,0.810696125,,Western Europe,,0.282661825,,7.427425841,7.326573869,2017
New Zealand,2.26425,1.25018,1.31967,0.63938,0.47501,9,7.286,0.90837,,Australia and New Zealand,0.03371,0.42922,,,,2015
New Zealand,2.47553,1.36066,1.17278,0.58147,0.49401,8,7.334,0.83096,7.264,Australia and New Zealand,,0.41904,7.404,,,2016
New Zealand,2.046456337,1.405706048,1.548195124,0.61406213,0.500005126,8,7.31400013,0.816759706,,Australia and New Zealand,,0.382816702,,7.379510442,7.248489818,2017
Nicaragua,2.32407,0.59325,1.14184,0.55475,0.27815,57,5.828,0.74314,,Latin America and Caribbean,0.05371,0.19317,,,,2015
Nicaragua,2.82428,0.69384,0.89521,0.46582,0.29773,48,5.992,0.65213,5.877,Latin America and Caribbean,,0.16292,6.107,,,2016
Nicaragua,2.513930559,0.737299204,1.28721571,0.447551847,0.301674217,43,6.071000099,0.653095961,,Latin America and Caribbean,,0.130687982,,6.1865836,5.955416598,2017
Niger,1.87877,0.0694,0.77265,0.47692,0.19387,144,3.845,0.29707,,Sub-Saharan Africa,0.03602,0.15639,,,,2015
Niger,2.09469,0.1327,0.6053,0.38041,0.2097,142,3.856,0.26162,3.781,Sub-Saharan Africa,,0.17176,3.931,,,2016
Niger,1.873983383,0.161925331,0.993025005,0.363658696,0.228673846,135,4.027999878,0.268505007,,Sub-Saharan Africa,,0.138572946,,4.11194682,3.944052936,2017
Nigeria,2.89319,0.65435,0.90432,0.34334,0.27233,78,5.268,0.16007,,Sub-Saharan Africa,0.04192,0.0403,,,,2015
Nigeria,2.88586,0.75216,0.64498,0.27854,0.23219,103,4.875,0.05108,4.75,Sub-Saharan Africa,,0.0305,5,,,2016
Nigeria,2.365390539,0.783756256,1.215770483,0.394952565,0.230947196,95,5.073999882,0.05691573,,Sub-Saharan Africa,,0.026121566,,5.209500135,4.938499628,2017
North Cyprus,1.59888,1.20806,1.07008,0.49027,0.26169,66,5.695,0.92356,,Western Europe,0.05635,0.1428,,,,2015
North Cyprus,1.93447,1.31141,0.81826,0.43596,0.26322,62,5.771,0.84142,5.67,Western Europe,,0.16578,5.872,,,2016
North Cyprus,1.549157619,1.346911311,1.186303377,0.471203625,0.266845703,61,5.809999943,0.834647238,,Western Europe,,0.155353352,,5.897366465,5.722633421,2017
Norway,2.46531,1.459,1.33095,0.66973,0.34699,4,7.522,0.88521,,Western Europe,0.0388,0.36503,,,,2015
Norway,2.66465,1.57744,1.1269,0.59609,0.37895,4,7.498,0.79579,7.421,Western Europe,,0.35776,7.575,,,2016
Norway,2.277026653,1.616463184,1.53352356,0.635422587,0.362012237,1,7.537000179,0.796666503,,Western Europe,,0.315963835,,7.594444821,7.479555538,2017
Oman,2.47489,1.36011,1.08182,0.63274,0.21542,22,6.853,0.76276,,Middle East and Northern Africa,0.05335,0.32524,,,,2015
Pakistan,3.10709,0.59543,0.41411,0.12102,0.33671,81,5.194,0.51466,,Southern Asia,0.03726,0.10464,,,,2015
Pakistan,3.18286,0.68816,0.26135,0.14622,0.31185,92,5.132,0.40306,5.038,Southern Asia,,0.1388,5.226,,,2016
Pakistan,2.79248929,0.726883531,0.67269069,0.235215262,0.315446019,80,5.269000053,0.402047783,,Southern Asia,,0.124348067,,5.359983641,5.178016465,2017
Palestinian Territories,2.04384,0.59867,0.92558,0.24499,0.11251,108,4.715,0.66015,,Middle East and Northern Africa,0.04394,0.12905,,,,2015
Palestinian Territories,2.40364,0.67024,0.71629,0.17744,0.11154,108,4.754,0.56844,4.649,Middle East and Northern Africa,,0.10613,4.859,,,2016
Palestinian Territories,1.878890276,0.716249228,1.155647159,0.254711062,0.114173174,103,4.775000095,0.565666974,,Middle East and Northern Africa,,0.089282602,,4.881848343,4.668151848,2017
Panama,2.84848,1.06353,1.1985,0.5421,0.24434,25,6.786,0.79661,,Latin America and Caribbean,0.0491,0.0927,,,,2015
Panama,3.00559,1.18306,0.98912,0.48927,0.2418,25,6.701,0.70835,6.601,Latin America and Caribbean,,0.08423,6.801,,,2016
Panama,2.307199955,1.233748436,1.373192549,0.550026834,0.210556939,30,6.452000141,0.706156135,,Latin America and Caribbean,,0.070983924,,6.557130716,6.346869566,2017
Paraguay,2.18896,0.75985,1.30477,0.53899,0.3424,53,5.878,0.66098,,Latin America and Caribbean,0.04563,0.08242,,,,2015
Paraguay,2.16091,0.89373,1.11111,0.46235,0.25296,70,5.538,0.58295,5.453,Latin America and Caribbean,,0.07396,5.623,,,2016
Paraguay,1.68533349,0.932537317,1.50728488,0.473507792,0.224150658,70,5.493000031,0.579250693,,Latin America and Caribbean,,0.091065913,,5.57738127,5.408618791,2017
Peru,2.5945,0.90019,0.97459,0.41496,0.14982,58,5.824,0.73017,,Latin America and Caribbean,0.04615,0.05989,,,,2015
Peru,2.73117,0.99602,0.81255,0.37502,0.14527,64,5.743,0.62994,5.647,Latin America and Caribbean,,0.05292,5.839,,,2016
Peru,2.20726943,1.035225272,1.218770385,0.450002879,0.126819715,63,5.715000153,0.630166113,,Latin America and Caribbean,,0.047049087,,5.811946779,5.618053527,2017
Philippines,1.7536,0.70532,1.03516,0.62545,0.24991,90,5.073,0.58114,,Southeastern Asia,0.04934,0.12279,,,,2015
Philippines,2.23484,0.81217,0.87877,0.54854,0.21674,82,5.279,0.47036,5.16,Southeastern Asia,,0.11757,5.398,,,2016
Philippines,1.972604752,0.857699215,1.253917575,0.585214674,0.193513423,72,5.429999828,0.468009055,,Southeastern Asia,,0.099331893,,5.545335054,5.314664602,2017
Poland,1.86565,1.12555,1.27948,0.53122,0.16759,60,5.791,0.77903,,Central and Eastern Europe,0.04263,0.04212,,,,2015
Poland,2.20035,1.24585,1.04685,0.4519,0.14443,57,5.835,0.69058,5.749,Central and Eastern Europe,,0.055,5.921,,,2016
Poland,1.797722816,1.291787863,1.44571197,0.520342112,0.158465967,46,5.97300005,0.699475348,,Central and Eastern Europe,,0.059307806,,6.053908341,5.892091758,2017
Portugal,1.26462,1.15991,1.13935,0.51469,0.13719,88,5.102,0.87519,,Western Europe,0.04802,0.01078,,,,2015
Portugal,1.53015,1.27607,0.94367,0.44727,0.11691,94,5.123,0.79363,5.03,Western Europe,,0.01521,5.216,,,2016
Portugal,1.107682705,1.315175295,1.367043018,0.4984653,0.095102713,89,5.195000172,0.795843542,,Western Europe,,0.015869452,,5.285041733,5.10495861,2017
Puerto Rico,3.0076,1.35943,1.08113,0.46823,0.22202,15,7.039,0.77758,6.794,Latin America and Caribbean,,0.12275,7.284,,,2016
Qatar,1.55674,1.69042,1.0786,0.6404,0.32573,28,6.611,0.79733,,Middle East and Northern Africa,0.06257,0.52208,,,,2015
Qatar,1.58224,1.82427,0.87964,0.56679,0.32388,36,6.375,0.71723,6.178,Middle East and Northern Africa,,0.48049,6.572,,,2016
Qatar,1.14546442,1.870765686,1.27429688,0.604130983,0.33047387,35,6.375,0.710098088,,Middle East and Northern Africa,,0.439299256,,6.568476814,6.181523186,2017
Romania,1.93129,1.04345,0.88588,0.35068,0.13748,86,5.124,0.7689,,Central and Eastern Europe,0.06607,0.00649,,,,2015
Romania,2.45184,1.1697,0.72803,0.36712,0.12889,71,5.528,0.67602,5.427,Central and Eastern Europe,,0.00679,5.629,,,2016
Romania,2.176831484,1.217683911,1.15009129,0.457003742,0.133519918,57,5.824999809,0.685158312,,Central and Eastern Europe,,0.004387901,,5.919694157,5.730305462,2017
Russia,2.27394,1.13764,1.23617,0.36679,0.00199,64,5.716,0.66926,,Central and Eastern Europe,0.03135,0.03005,,,,2015
Russia,2.59115,1.23228,1.05261,0.32682,0.02736,56,5.856,0.58991,5.789,Central and Eastern Europe,,0.03586,5.923,,,2016
Russia,2.205607414,1.281778097,1.469282389,0.373783112,0.052263822,49,5.962999821,0.547349334,,Central and Eastern Europe,,0.032962881,,6.030274907,5.895724734,2017
Rwanda,0.67042,0.22208,0.7737,0.59201,0.22628,154,3.465,0.42864,,Sub-Saharan Africa,0.03464,0.55191,,,,2015
Rwanda,0.96819,0.32846,0.61586,0.5432,0.23552,152,3.515,0.31865,3.444,Sub-Saharan Africa,,0.50521,3.586,,,2016
Rwanda,0.540061235,0.368745893,0.945707023,0.581843853,0.252756029,151,3.470999956,0.326424807,,Sub-Saharan Africa,,0.455220014,,3.543030234,3.398969679,2017
Saudi Arabia,2.43872,1.39541,1.08393,0.31048,0.13706,35,6.411,0.72025,,Middle East and Northern Africa,0.04633,0.32524,,,,2015
Saudi Arabia,2.61482,1.48953,0.84829,0.37904,0.15457,34,6.379,0.59267,6.287,Middle East and Northern Africa,,0.30008,6.471,,,2016
Saudi Arabia,2.065429688,1.530623555,1.286677599,0.449750572,0.147616014,37,6.343999863,0.59014833,,Middle East and Northern Africa,,0.273432255,,6.444166612,6.243833113,2017
Senegal,1.44395,0.36498,0.97619,0.36772,0.20843,142,3.904,0.4354,,Sub-Saharan Africa,0.03608,0.10713,,,,2015
Senegal,1.97861,0.44314,0.77416,0.31056,0.19103,128,4.219,0.40457,4.151,Sub-Saharan Africa,,0.11681,4.287,,,2016
Senegal,1.789646149,0.479309022,1.179691911,0.377922267,0.183468893,115,4.534999847,0.409362853,,Sub-Saharan Africa,,0.115460448,,4.601603781,4.468395914,2017
Serbia,2.025,0.92053,1.00964,0.20107,0.19231,87,5.123,0.74836,,Central and Eastern Europe,0.04864,0.02617,,,,2015
Serbia,2.27539,1.03437,0.81329,0.15718,0.20737,86,5.177,0.6458,5.083,Central and Eastern Europe,,0.04339,5.271,,,2016
Serbia,1.947084427,1.069317579,1.258189797,0.208715528,0.220125884,73,5.394999981,0.650784671,,Central and Eastern Europe,,0.040903781,,5.491569656,5.298430306,2017
Sierra Leone,2.51009,0.33024,0.95571,0.4084,0.21488,123,4.507,0,,Sub-Saharan Africa,0.07068,0.08786,,,,2015
Sierra Leone,3.01402,0.36485,0.628,0.30685,0.23897,111,4.635,0,4.505,Sub-Saharan Africa,,0.08196,4.765,,,2016
Sierra Leone,2.668459892,0.368420929,0.984136045,0.318697691,0.293040901,106,4.709000111,0.005564754,,Sub-Saharan Africa,,0.071095176,,4.850643335,4.567356886,2017
Singapore,1.88501,1.52186,1.02,0.54252,0.31105,24,6.798,1.02525,,Southeastern Asia,0.0378,0.4921,,,,2015
Singapore,1.99375,1.64555,0.86758,0.4877,0.32706,22,6.739,0.94719,6.674,Southeastern Asia,,0.46987,6.804,,,2016
Singapore,1.216362,1.69227767,1.353814363,0.549840569,0.345965981,26,6.572000027,0.949492395,,Southeastern Asia,,0.464307785,,6.636723069,6.507276984,2017
Slovakia,2.24639,1.16891,1.26999,0.31751,0.16893,45,5.995,0.78902,,Central and Eastern Europe,0.04267,0.03431,,,,2015
Slovakia,2.61065,1.27973,1.08268,0.23391,0.13837,45,6.078,0.70367,5.996,Central and Eastern Europe,,0.02947,6.16,,,2016
Slovakia,2.097776651,1.325393558,1.505059242,0.295817465,0.136544481,40,6.09800005,0.712732911,,Central and Eastern Europe,,0.024210852,,6.177348412,6.018651687,2017
Slovenia,1.61583,1.18498,1.27385,0.60855,0.25328,55,5.848,0.87337,,Central and Eastern Europe,0.04251,0.03787,,,,2015
Slovenia,1.79522,1.29947,1.05613,0.53164,0.25738,63,5.768,0.79151,5.683,Central and Eastern Europe,,0.03635,5.853,,,2016
Slovenia,1.313317299,1.341205955,1.452518821,0.572575808,0.242649093,62,5.757999897,0.790828228,,Central and Eastern Europe,,0.045128979,,5.84222516,5.673774634,2017
Somalia,3.83772,0,0.33613,0.56778,0.27225,76,5.44,0.11466,5.321,Sub-Saharan Africa,,0.3118,5.559,,,2016
Somalia,3.11748457,0.022643184,0.721151352,0.602126956,0.291631311,93,5.151000023,0.113989137,,Sub-Saharan Africa,,0.282410324,,5.24248371,5.059516336,2017
Somaliland region,2.11032,0.18847,0.95152,0.46582,0.50318,91,5.057,0.43873,,Sub-Saharan Africa,0.06161,0.39928,,,,2015
Somaliland Region,2.43801,0.25558,0.75862,0.3913,0.51479,97,5.057,0.33108,4.934,Sub-Saharan Africa,,0.36794,5.18,,,2016
South Africa,1.71956,0.92049,1.18468,0.33207,0.11973,113,4.642,0.27688,,Sub-Saharan Africa,0.04585,0.08884,,,,2015
South Africa,1.64227,1.02416,0.96053,0.42483,0.13656,116,4.459,0.18611,4.371,Sub-Saharan Africa,,0.08415,4.547,,,2016
South Africa,1.510908604,1.054698706,1.384788632,0.479246736,0.13936238,101,4.828999996,0.18708007,,Sub-Saharan Africa,,0.072509497,,4.929435188,4.728564805,2017
South Korea,2.21978,1.24461,0.95774,0.33208,0.18557,47,5.984,0.96538,,Eastern Asia,0.04098,0.07857,,,,2015
South Korea,2.35015,1.35948,0.72194,0.25168,0.18824,57,5.835,0.88645,5.747,Eastern Asia,,0.07716,5.923,,,2016
South Korea,1.880378008,1.401678443,1.128274441,0.257921666,0.206674367,55,5.837999821,0.900214076,,Eastern Asia,,0.063282669,,5.922559028,5.753440613,2017
South Sudan,2.50929,0.39394,0.18519,0.19662,0.25899,143,3.832,0.15781,3.596,Sub-Saharan Africa,,0.13015,4.068,,,2016
South Sudan,1.879567385,0.397248626,0.601323128,0.147062436,0.285670817,147,3.59100008,0.163486004,,Sub-Saharan Africa,,0.116793513,,3.725538586,3.456461574,2017
Spain,2.12367,1.23011,1.31379,0.45951,0.18227,36,6.329,0.95562,,Western Europe,0.03468,0.06398,,,,2015
Spain,2.39663,1.34253,1.12945,0.37545,0.17665,37,6.361,0.87896,6.288,Western Europe,,0.06137,6.434,,,2016
Spain,1.92775774,1.384397864,1.532090902,0.40878123,0.190133572,34,6.402999878,0.8889606,,Western Europe,,0.070914097,,6.471054845,6.334944911,2017
Sri Lanka,0.67108,0.83524,1.01905,0.53726,0.40828,132,4.271,0.70806,,Southern Asia,0.03751,0.09179,,,,2015
Sri Lanka,0.91681,0.97318,0.84783,0.50817,0.46978,117,4.415,0.62007,4.322,Southern Asia,,0.07964,4.508,,,2016
Sri Lanka,0.419389248,1.009850144,1.259976387,0.561213255,0.490863562,120,4.440000057,0.625130832,,Southern Asia,,0.073653966,,4.553447192,4.326552922,2017
Sudan,2.20857,0.52107,1.01404,0.10081,0.19062,118,4.55,0.36878,,Sub-Saharan Africa,0.0674,0.1466,,,,2015
Sudan,2.10995,0.63069,0.81928,0,0.18077,133,4.139,0.29759,3.928,Sub-Saharan Africa,,0.10039,4.35,,,2016
Sudan,1.68706584,0.659516692,1.21400857,0.014995855,0.182317451,130,4.138999939,0.290920824,,Sub-Saharan Africa,,0.08984752,,4.345747165,3.932252713,2017
Suriname,2.79094,0.99534,0.972,0.59657,0.16991,40,6.269,0.6082,,Latin America and Caribbean,0.09811,0.13633,,,,2015
Suriname,3.06852,1.09686,0.77866,0.52234,0.16665,40,6.269,0.50933,6.073,Latin America and Caribbean,,0.12692,6.465,,,2016
Swaziland,2.48676,0.71206,1.07284,0.30658,0.18259,101,4.867,0.07566,,Sub-Saharan Africa,0.08742,0.0306,,,,2015
Sweden,2.37119,1.33171,1.28907,0.6598,0.36262,8,7.364,0.91087,,Western Europe,0.03157,0.43844,,,,2015
Sweden,2.54734,1.45181,1.08764,0.58218,0.38254,10,7.291,0.83121,7.227,Western Europe,,0.40867,7.355,,,2016
Sweden,2.097537994,1.494387269,1.478162169,0.612924099,0.385399252,9,7.28399992,0.830875158,,Western Europe,,0.384398729,,7.344094877,7.223904962,2017
Switzerland,2.51738,1.39651,1.34951,0.66557,0.29678,1,7.587,0.94143,,Western Europe,0.03411,0.41978,,,,2015
Switzerland,2.69463,1.52733,1.14524,0.58557,0.28083,2,7.509,0.86303,7.428,Western Europe,,0.41203,7.59,,,2016
Switzerland,2.276716232,1.564979553,1.516911745,0.620070577,0.290549278,4,7.493999958,0.858131289,,Western Europe,,0.367007285,,7.56177242,7.426227496,2017
Syria,0.32858,0.6632,0.47489,0.15684,0.47179,156,3.006,0.72193,,Middle East and Northern Africa,0.05015,0.18906,,,,2015
Syria,0.81789,0.74719,0.14866,0.06912,0.48397,156,3.069,0.62994,2.936,Middle East and Northern Africa,,0.17233,3.202,,,2016
Syria,1.061573505,0.777153134,0.396102607,0.081539445,0.493663728,152,3.461999893,0.500533342,,Middle East and Northern Africa,,0.151347131,,3.663668557,3.26033123,2017
Taiwan,2.32323,1.29098,1.07617,0.3974,0.25376,38,6.298,0.8753,,Eastern Asia,0.03868,0.08129,,,,2015
Taiwan,2.61523,1.39729,0.92624,0.32377,0.25495,34,6.379,0.79565,6.305,Eastern Asia,,0.0663,6.453,,,2016
Taiwan,2.126607418,1.433626533,1.384565353,0.361466587,0.258360475,33,6.421999931,0.793984234,,Eastern Asia,,0.063829236,,6.494596022,6.349403841,2017
Tajikistan,2.11399,0.39047,0.85563,0.47216,0.22974,106,4.786,0.57379,,Central and Eastern Europe,0.03198,0.15072,,,,2015
Tajikistan,2.39106,0.48835,0.75602,0.43408,0.25998,100,4.996,0.53119,4.923,Central and Eastern Europe,,0.13509,5.069,,,2016
Tajikistan,1.84904933,0.524713635,1.271463275,0.471566707,0.248997644,96,5.040999889,0.529235125,,Central and Eastern Europe,,0.146377146,,5.111425596,4.970574183,2017
Tanzania,1.38079,0.2852,1.00268,0.32878,0.34377,146,3.781,0.38215,,Sub-Saharan Africa,0.05061,0.05747,,,,2015
Tanzania,1.37769,0.47155,0.77623,0.3176,0.31472,149,3.666,0.357,3.561,Sub-Saharan Africa,,0.05099,3.771,,,2016
Tanzania,0.621130466,0.511135876,1.041989803,0.390017778,0.354256362,153,3.348999977,0.364509284,,Sub-Saharan Africa,,0.066035107,,3.461429755,3.236570199,2017
Thailand,2.31945,0.9669,1.26504,0.55664,0.5763,34,6.455,0.7385,,Southeastern Asia,0.03557,0.03187,,,,2015
Thailand,2.5796,1.0893,1.04477,0.49553,0.58696,33,6.474,0.64915,6.396,Southeastern Asia,,0.02833,6.552,,,2016
Thailand,2.039508343,1.127868772,1.425792456,0.580200732,0.57212311,32,6.423999786,0.647239029,,Southeastern Asia,,0.031612735,,6.509116856,6.338882717,2017
Togo,1.56726,0.20868,0.13995,0.36453,0.16681,158,2.839,0.28443,,Sub-Saharan Africa,0.06727,0.10731,,,,2015
Togo,2.1354,0.28123,0,0.34678,0.17517,155,3.303,0.24811,3.192,Sub-Saharan Africa,,0.11587,3.414,,,2016
Togo,1.837229252,0.305444717,0.43188253,0.380426139,0.196896151,150,3.494999886,0.247105569,,Sub-Saharan Africa,,0.095665015,,3.594038112,3.395961659,2017
Trinidad and Tobago,2.26882,1.21183,1.18354,0.55884,0.31844,41,6.168,0.61483,,Latin America and Caribbean,0.10895,0.0114,,,,2015
Trinidad and Tobago,2.51394,1.32572,0.98569,0.48453,0.31935,43,6.168,0.52608,5.95,Latin America and Caribbean,,0.01241,6.386,,,2016
Trinidad and Tobago,2.053247452,1.361355901,1.380228519,0.518630743,0.325296462,38,6.168000221,0.519983292,,Latin America and Caribbean,,0.008964816,,6.381533891,5.954466552,2017
Tunisia,2.12466,0.88113,0.60429,0.26268,0.06431,107,4.739,0.73793,,Middle East and Northern Africa,0.03589,0.06358,,,,2015
Tunisia,2.68413,0.97724,0.43165,0.23553,0.03936,98,5.045,0.59577,4.965,Middle East and Northern Africa,,0.0817,5.125,,,2016
Tunisia,1.89025116,1.007265806,0.86835146,0.28968069,0.049693357,102,4.804999828,0.613212049,,Middle East and Northern Africa,,0.086723149,,4.884367007,4.72563265,2017
Turkey,2.08528,1.06098,0.94632,0.22815,0.12253,76,5.332,0.73172,,Middle East and Northern Africa,0.03864,0.15746,,,,2015
Turkey,2.29074,1.16492,0.87717,0.23889,0.04707,78,5.389,0.64718,5.295,Middle East and Northern Africa,,0.12348,5.483,,,2016
Turkey,1.879277945,1.198274374,1.337753177,0.3007406,0.046693042,69,5.5,0.637605608,,Middle East and Northern Africa,,0.09967158,,5.594864963,5.405135037,2017
Turkmenistan,1.86984,0.95847,1.22668,0.4761,0.16979,70,5.548,0.53886,,Central and Eastern Europe,0.04175,0.30844,,,,2015
Turkmenistan,2.21489,1.08017,1.03817,0.37408,0.22567,65,5.658,0.44006,5.58,Central and Eastern Europe,,0.28467,5.736,,,2016
Turkmenistan,1.832909822,1.130776763,1.493149161,0.418271929,0.249924988,59,5.822000027,0.43772608,,Central and Eastern Europe,,0.25927034,,5.885180876,5.758819178,2017
Uganda,1.42766,0.21102,1.13299,0.45727,0.29066,141,3.931,0.33861,,Sub-Saharan Africa,0.04317,0.07267,,,,2015
Uganda,1.51416,0.34719,0.90981,0.43653,0.27102,145,3.739,0.19625,3.629,Sub-Saharan Africa,,0.06442,3.849,,,2016
Uganda,1.526362658,0.381430715,1.129827738,0.443185955,0.325766057,133,4.080999851,0.217632607,,Sub-Saharan Africa,,0.057069719,,4.195799967,3.966199735,2017
Ukraine,1.5714,0.79907,1.20278,0.25123,0.15275,111,4.681,0.6739,,Central and Eastern Europe,0.04412,0.02961,,,,2015
Ukraine,1.50066,0.87287,1.01413,0.12859,0.20363,123,4.324,0.58628,4.236,Central and Eastern Europe,,0.01829,4.412,,,2016
Ukraine,0.814382315,0.894651949,1.394537568,0.122974776,0.270061463,132,4.096000195,0.575903952,,Central and Eastern Europe,,0.023029471,,4.185410105,4.006590285,2017
United Arab Emirates,2.24743,1.42727,1.12575,0.64157,0.26428,20,6.901,0.80925,,Middle East and Northern Africa,0.03729,0.38583,,,,2015
United Arab Emirates,2.21507,1.57352,0.87114,0.56215,0.26591,28,6.573,0.72993,6.494,Middle East and Northern Africa,,0.35561,6.652,,,2016
United Arab Emirates,1.734703541,1.626343369,1.266410232,0.60834527,0.360941947,21,6.647999763,0.726798236,,Middle East and Northern Africa,,0.324489564,,6.722047304,6.573952223,2017
United Kingdom,1.96994,1.26637,1.28548,0.59625,0.51912,21,6.867,0.90943,,Western Europe,0.01866,0.32067,,,,2015
United Kingdom,2.14999,1.40283,1.08672,0.50036,0.50156,23,6.725,0.80991,6.647,Western Europe,,0.27399,6.803,,,2016
United Kingdom,1.704143524,1.44163394,1.49646008,0.508190036,0.492774159,19,6.714000225,0.805335939,,Western Europe,,0.265428066,,6.783791761,6.644208689,2017
United States,2.51011,1.39451,1.24711,0.54604,0.40105,15,7.119,0.86179,,North America,0.03839,0.1589,,,,2015
United States,2.72782,1.50796,1.04782,0.48163,0.41077,13,7.104,0.779,7.02,North America,,0.14868,7.188,,,2016
United States,2.218113422,1.546259284,1.419920564,0.505740523,0.392578781,14,6.993000031,0.774286628,,North America,,0.135638788,,7.074656748,6.911343313,2017
Uruguay,2.32142,1.06166,1.2089,0.60362,0.2324,32,6.485,0.8116,,Latin America and Caribbean,0.04539,0.24558,,,,2015
Uruguay,2.67139,1.18157,1.03143,0.54388,0.18056,29,6.545,0.72183,6.456,Latin America and Caribbean,,0.21394,6.634,,,2016
Uruguay,2.172409534,1.217559695,1.412227869,0.579392254,0.175096929,28,6.453999996,0.719216824,,Latin America and Caribbean,,0.178061873,,6.545906218,6.362093775,2017
Uzbekistan,2.23741,0.63244,1.34043,0.65821,0.22837,44,6.003,0.59772,,Central and Eastern Europe,0.04361,0.30826,,,,2015
Uzbekistan,2.34638,0.73591,1.1681,0.60848,0.34326,49,5.987,0.50163,5.896,Central and Eastern Europe,,0.28333,6.078,,,2016
Uzbekistan,1.816913605,0.786441088,1.54896915,0.658248663,0.415983647,47,5.971000195,0.498272628,,Central and Eastern Europe,,0.246528223,,6.065537573,5.876462816,2017
Venezuela,3.19131,1.04424,1.25596,0.42908,0.05841,23,6.81,0.72052,,Latin America and Caribbean,0.06476,0.11069,,,,2015
Venezuela,2.97468,1.13367,1.03302,0.19847,0.0425,44,6.084,0.61904,5.973,Latin America and Caribbean,,0.08304,6.195,,,2016
Venezuela,1.789463758,1.128431201,1.431337595,0.153997123,0.06501963,82,5.25,0.617144227,,Latin America and Caribbean,,0.064491123,,5.370031946,5.129968054,2017
Vietnam,2.20173,0.63216,0.91226,0.59444,0.1686,75,5.36,0.74676,,Southeastern Asia,0.03107,0.10441,,,,2015
Vietnam,1.9418,0.74037,0.79117,0.55954,0.25075,96,5.061,0.66157,4.991,Southeastern Asia,,0.11556,5.131,,,2016
Vietnam,1.462318659,0.788547575,1.277491331,0.571055591,0.234968051,94,5.073999882,0.652168989,,Southeastern Asia,,0.087633237,,5.147280765,5.000718999,2017
Yemen,1.92313,0.54649,0.68093,0.35571,0.09131,136,4.077,0.40064,,Middle East and Northern Africa,0.04367,0.07854,,,,2015
Yemen,1.97295,0.57939,0.47493,0.2287,0.09821,147,3.724,0.31048,3.621,Middle East and Northern Africa,,0.05892,3.827,,,2016
Yemen,1.345600605,0.591683447,0.935382247,0.249463722,0.104125209,146,3.592999935,0.310080916,,Middle East and Northern Africa,,0.056767423,,3.69275032,3.49324955,2017
Zambia,2.6343,0.47038,0.91612,0.48827,0.19591,85,5.129,0.29924,,Sub-Saharan Africa,0.06988,0.12468,,,,2015
Zambia,2.58991,0.61202,0.6376,0.42662,0.17866,106,4.795,0.23573,4.645,Sub-Saharan Africa,,0.11479,4.945,,,2016
Zambia,1.826705456,0.636406779,1.003187299,0.461603492,0.249580145,116,4.513999939,0.257835895,,Sub-Saharan Africa,,0.07821355,,4.644105501,4.383894376,2017
Zimbabwe,2.44191,0.271,1.03276,0.25861,0.18987,115,4.61,0.33475,,Sub-Saharan Africa,0.0429,0.08079,,,,2015
Zimbabwe,2.4427,0.35041,0.71478,0.25429,0.18503,131,4.193,0.1595,4.101,Sub-Saharan Africa,,0.08582,4.285,,,2016
Zimbabwe,1.597970247,0.375846535,1.083095908,0.336384207,0.189143494,138,3.875,0.196763754,,Sub-Saharan Africa,,0.095375381,,3.978699643,3.771300357,2017
